{
  "total": {
    "start": 1761811792.5366647,
    "end": 1761812092.5840356,
    "elapsed_seconds": 300.04737091064453
  },
  "extract_frames": {
    "start": 1761811792.5371993,
    "end": 1761811794.70686,
    "elapsed_seconds": 2.169660806655884
  },
  "features_color": {
    "start": 1761811794.70686,
    "end": 1761811796.6893182,
    "elapsed_seconds": 1.9824581146240234
  },
  "features_orb": {
    "start": 1761811796.6893182,
    "end": 1761811811.93622,
    "elapsed_seconds": 15.246901750564575
  },
  "features_cnn": {
    "start": 1761811811.9372246,
    "end": 1761811823.1604476,
    "elapsed_seconds": 11.223222970962524
  },
  "features_flow": {
    "start": 1761811823.161448,
    "end": 1761811954.7886627,
    "elapsed_seconds": 131.62721467018127
  },
  "similarity_matrix": {
    "start": 1761811954.7886627,
    "end": 1761811954.8116033,
    "elapsed_seconds": 0.022940635681152344
  },
  "ordering": {
    "start": 1761811954.8126285,
    "end": 1761812087.7738352,
    "elapsed_seconds": 132.9612066745758
  },
  "write_video": {
    "start": 1761812087.7743247,
    "end": 1761812092.5840356,
    "elapsed_seconds": 4.80971097946167
  }
}