{
  "extract_frames": 0.8988552093505859,
  "features_cnn": 18.026488304138184,
  "features_orb": 11.79322075843811,
  "features_color": 1.340240478515625,
  "features_flow": 2.58412504196167,
  "similarity_matrix": 0.0042269229888916016,
  "ordering": 2.2557475566864014,
  "write_video": 3.0371146202087402,
  "total": 39.94202637672424
}