{
  "total": {
    "start": 1761805490.354775,
    "end": 1761805627.433515,
    "elapsed_seconds": 137.07874011993408
  },
  "extract_frames": {
    "start": 1761805490.354775,
    "end": 1761805491.9820132,
    "elapsed_seconds": 1.6272382736206055
  },
  "features_color": {
    "start": 1761805491.9820132,
    "end": 1761805493.3332076,
    "elapsed_seconds": 1.3511943817138672
  },
  "features_orb": {
    "start": 1761805493.3332076,
    "end": 1761805504.906237,
    "elapsed_seconds": 11.573029279708862
  },
  "features_cnn": {
    "start": 1761805504.906237,
    "end": 1761805549.922316,
    "elapsed_seconds": 45.01607918739319
  },
  "similarity_matrix": {
    "start": 1761805549.922316,
    "end": 1761805549.924316,
    "elapsed_seconds": 0.0019998550415039062
  },
  "ordering": {
    "start": 1761805549.924316,
    "end": 1761805622.794697,
    "elapsed_seconds": 72.87038111686707
  },
  "write_video": {
    "start": 1761805622.794697,
    "end": 1761805627.433515,
    "elapsed_seconds": 4.638818025588989
  }
}